,C11_Predicted(Gpa),C12_Predicted(Gpa),C44_Predicted(Gpa),E1_Predicted(Gpa),C11_Reported(Gpa),C12_Reported(Gpa),C44_Reported(Gpa),E1_Reported(Gpa),C11_Error(%),C12_Error(%),C44_Error(%),E1_Error(%),C11_Pred(Me),C12_Pred(Me),C44_Pred(Me),C11_Error_Me,C12_Error_Me,C44_Error_Me
Ag,114.0,87.2,46.2,38.5,123.99,93.67,46.12,43.4,-8.1,-7.0,0.3,-11.3,128.19420373572103,97.64120799901798,45.18219055260564,3.390760332059874,4.239572967885104,-2.033411637888894
AgAl(98.4-1.6),129.9,105.5,48.4,35.3,128.07,98.3,46.43,42.7,1.5,7.4,4.2,-17.3,169.2064052891354,140.67097681753552,49.35893827315058,32.12025086994254,43.1037404044105,6.308288333298682
AgAu(96-4),127.6,96.6,46.2,44.3,124.27,92.66,47.28,45.1,2.7,4.3,-2.2,-1.8,123.86043310658542,92.42250387465613,47.806982218535154,-0.32957825172171706,-0.25630922225757286,1.1145986009626754
AgBr,47.3,21.4,6.9,33.9,56.3,32.8,7.2,32.2,-16.0,-34.7,-4.0,5.5,50.333363650039104,26.47286872460422,7.27412730590848,-10.597933126040664,-19.290034376206645,1.0295459153955515
AgCd(98.08-1.92),123.1,98.4,49.6,35.7,121.6,91.3,45.9,43.3,1.3,7.8,8.0,-17.4,142.69057905040594,115.14019099547134,54.46092124151493,17.34422619276805,26.111928801173438,18.65124453489092
AgCl,50.0,37.1,14.5,18.3,60.1,36.2,6.25,32.9,-16.8,2.5,132.0,-44.2,59.800056455848974,35.44780565958139,6.1524768064083055,-0.49907411672383895,-2.077884918283458,-1.5603710974671117
AgIn(91.64-8.36),107.3,78.6,40.8,40.8,116.6,89.0,45.0,39.5,-8.0,-11.6,-9.2,3.2,113.79877134859281,86.39855031452919,46.012239146817194,-2.402425944603076,-2.922977174686305,2.2494203262604313
AgMg(96.93-3.07),115.3,90.6,46.9,35.6,119.8,89.8,46.0,42.9,-3.7,0.9,2.0,-17.0,115.64443810101359,84.86525683007946,43.9778446649955,-3.4687494983192035,-5.495259654699931,-4.395989858705431
AgSn(96.83-3.17),124.6,97.7,49.1,38.8,121.0,92.2,45.8,41.3,3.0,6.0,7.1,-6.1,110.32442212030504,80.9348869726132,44.74995698418965,-8.822791636111534,-12.218126927751413,-2.2926703401972612
AgZn(97.6-2.4),138.6,110.5,49.7,40.5,120.9,91.6,45.8,41.9,14.6,20.7,8.5,-3.4,102.38471489826952,72.20866103503104,44.78868803072519,-15.314545162721656,-21.169584022891872,-2.208104736407876
Al,118.0,69.6,27.6,66.4,113.04,66.63,27.83,63.6,4.4,4.4,-0.9,4.4,121.23972505501195,75.25306609943117,27.74129312078975,7.253826127929881,12.94171709354821,-0.31874552357258235
AlSb,96.9,45.0,35.1,68.3,89.39,44.27,41.55,60.1,8.4,1.7,-15.6,13.8,92.87124356334962,47.430658323980836,40.42169932595249,3.8944440802658264,7.139503781298471,-2.71552508796031
Au,178.0,142.9,35.3,50.8,192.44,162.98,42.0,43.0,-7.5,-12.3,-16.1,18.2,114.3936445899268,82.79458646318194,39.45465880386564,-40.5562021461615,-49.19954199093021,-6.060336181272284
Au3Ag,136.3,107.0,53.5,42.2,166.21,132.41,48.54,48.8,-18.0,-19.2,10.2,-13.4,174.9168504787916,141.9762600165006,50.904189329215704,5.238463677751988,7.224726241598514,4.870600183798321
Au3Ni,230.8,190.1,41.5,59.1,195.73,158.19,50.98,54.3,17.9,20.2,-18.6,8.8,98.62086685705361,55.70179030778618,44.30202963556166,-49.61382166399958,-64.78804582604073,-13.099196477909647
AuAg,149.9,120.9,57.9,42.0,148.94,113.5,50.76,50.8,0.7,6.6,14.1,-17.4,113.61323497694356,75.4960001383763,45.54096625983023,-23.718789460894612,-33.483700318611184,-10.281784358096475
AuAg3,132.6,102.5,49.1,43.2,138.26,104.48,48.78,48.3,-4.1,-1.9,0.6,-10.7,132.14992369023668,97.98326392714266,48.08289503212501,-4.419265376655082,-6.218162397451517,-1.4290794749384832
AuNi(57.58-42.42),183.6,147.0,70.1,52.8,199.5,156.0,61.86,62.6,-8.0,-5.7,13.4,-15.7,206.75066126493067,163.56706417965015,62.435108759837966,3.634416674150712,4.850682166442401,0.9296940831522259
AuNi(90.28-9.72),204.5,165.7,37.1,56.3,192.31,160.95,44.97,45.6,6.4,2.9,-17.4,23.3,168.7238426389371,137.60806232328474,46.3366603997816,-12.264654651896885,-14.502601849465828,3.039049143388039
AuNi(97.05-2.95),195.4,164.5,42.1,45.1,192.59,162.61,43.0,43.7,1.5,1.1,-2.1,3.2,106.97566911283431,75.28961864455992,41.525999386425084,-44.4541933055536,-53.69926902124106,-3.4279084036625944
Ba3N2,69.3,32.3,12.9,48.8,60.2,18.6,12.1,51.4,15.1,73.7,6.7,-5.2,66.78810283148228,27.2567565622143,12.034787403222817,10.943692411100123,46.541701947388695,-0.5389470808031658
BaO,127.1,50.8,36.4,98.1,125.7,48.1,35.5,99.1,1.1,5.5,2.5,-1.0,117.07573139597963,35.6390991687498,35.146746938596216,-6.86099332062082,-25.9062387344079,-0.9950790462078419
CaF2,168.0,33.0,32.2,157.1,162.8,43.3,33.4,144.6,3.2,-23.8,-3.6,8.7,163.7898867260122,43.825126053965775,33.17654804947087,0.6080385294915244,1.2127622493435979,-0.6690178159554842
CdTe,66.0,45.3,15.8,29.1,53.51,36.81,19.94,23.5,23.3,23.1,-20.8,23.7,48.23280394819488,31.44626301898083,20.289387879292057,-9.862074475434722,-14.571412608039045,1.7521959844135213
Co-fcc,237.5,175.0,90.1,89.0,225.0,160.0,92.0,92.0,5.6,9.4,-2.1,-3.2,174.61721360797384,106.83733542739733,89.64858271854565,-22.392349507567186,-33.22666535787666,-2.5558883494068976
CoO,249.3,136.7,83.1,152.5,255.6,143.6,80.3,152.3,-2.5,-4.8,3.5,0.2,250.48131526389335,142.47205984879236,85.025015120298,-2.0026153114658234,-0.7854736429022556,5.884203138602736
Cr,348.8,69.7,97.3,325.5,350.0,67.8,100.8,328.0,-0.3,2.9,-3.5,-0.7,343.145236610461,52.903711551277596,100.71383728916572,-1.9585038255825762,-21.97092691551977,-0.08547887979590582
Cu,185.0,144.0,72.7,59.1,168.39,121.42,75.39,66.6,9.9,18.6,-3.6,-11.4,173.10817500261354,127.07758937441574,78.58347467191109,2.801933014201288,4.659520156824029,4.235939344622749
Cu3Au,202.2,158.9,77.7,62.4,190.69,138.3,66.31,74.4,6.0,14.9,17.2,-16.1,98.48631103793292,31.54794652083239,59.437518786713355,-48.352660843288625,-77.18875884249285,-10.364170130126146
CuAl(95.19-4.81),169.7,123.9,72.7,65.2,165.8,121.6,74.9,62.9,2.4,1.9,-2.9,3.6,168.83487501705974,124.97758010694486,75.79121517301981,1.8304433154763164,2.7776152195270245,1.189873395220029
CuAlNi(Cu–14.3Al–4.2%Ni (wt.%)),145.0,125.7,88.9,28.2,142.38,124.1,95.24,26.8,1.9,1.3,-6.6,5.3,73.17345822850537,53.209255104528815,82.0246976763233,-48.60692637413586,-57.12388790932409,-13.875789924062051
CuGa(95.85-4.15),165.1,121.8,65.6,61.8,165.2,121.0,74.1,62.9,0.0,0.6,-11.4,-1.8,109.6726131332883,60.64605945842716,69.24994946771248,-33.61221965297318,-49.87928970377921,-6.545277371508113
CuGa(98.42-1.58),169.6,123.8,72.6,65.2,165.0,119.2,74.3,65.0,2.8,3.8,-2.3,0.3,185.74314356254126,142.86724878612796,82.73217828678648,12.571602159115917,19.855074485006675,11.348826765526894
CuGe(98.97-1.03),169.5,126.0,72.2,62.1,166.6,121.0,75.0,64.8,1.8,4.1,-3.8,-4.1,108.95047570490598,59.007599666580575,73.06956258686793,-34.60355599945619,-51.23338870530531,-2.573916550842758
CuNi(96.98-3.02),176.2,131.2,74.3,64.2,169.33,121.89,76.31,67.3,4.1,7.7,-2.7,-4.6,192.52102759924816,145.63708523900667,76.46807157014152,13.69575834125562,19.482390055793473,0.20714397869416307
CuSi(95.83-4.17),168.6,124.6,69.6,62.6,167.8,124.2,74.8,62.1,0.5,0.3,-6.9,0.8,174.62800337057186,130.10635521618096,71.35416106938597,4.0691319252513996,4.755519497730237,-4.606736538254052
CuZn(77.3-22.7),151.7,113.5,65.5,54.6,144.7,107.1,71.3,53.6,4.8,5.9,-8.2,1.9,89.47577626632733,48.20034131334329,66.65413293553208,-38.164632849808335,-54.995012779324654,-6.515942586911532
CuZn(95.41-4.59),154.2,110.7,68.2,61.7,163.4,119.2,74.2,62.8,-5.6,-7.2,-8.1,-1.8,149.21164585526373,105.20984982338172,76.43572584038759,-8.683203270952436,-11.736703168303931,3.013107601600522
F3KMg,122.9,25.0,43.5,114.5,132.0,39.6,48.5,113.7,-6.9,-37.0,-10.4,0.7,131.94601656429933,36.99826426894938,47.37409484838049,-0.0408965421974792,-6.570039724875313,-2.321453920864975
Fe,223.3,122.5,115.0,136.5,233.1,135.44,117.83,133.6,-4.2,-9.5,-2.4,2.2,224.51757004527508,125.53616530217924,116.4192372892122,-3.681866132443121,-7.312341035012371,-1.1972865236253867
FeAl(59.89-40.11),173.9,109.3,127.7,89.6,181.05,113.69,127.09,93.3,-3.9,-3.9,0.5,-4.0,170.80669277750485,100.21844939862451,117.43865804990818,-5.657722851419586,-11.849371625803046,-7.594100204651679
FeAl(66-34),171.7,115.3,134.2,79.0,171.67,113.55,129.54,81.3,0.0,1.6,3.6,-2.8,153.74547498012888,95.55193098970524,134.55262841542958,-10.44126814229109,-15.850346992773895,3.869560302168897
FeAl(71.92-28.08),174.5,132.2,136.8,60.6,166.36,122.58,130.97,62.4,4.9,7.9,4.5,-2.8,177.14122659409432,134.21455015839675,135.94131265649347,6.480660371540217,9.49139350497369,3.7957644166553157
FeAl(74.95-25.05),174.8,137.8,139.5,53.2,170.99,130.61,131.7,57.9,2.2,5.5,5.9,-8.0,189.16497848913733,148.68804457020087,128.416476477174,10.6292639856935,13.841240770385772,-2.4931841479316534
FeAl(80.17-19.83),174.4,128.1,133.0,65.8,179.42,124.82,125.54,77.0,-2.8,2.7,5.9,-14.5,182.94853890937293,126.906759973731,117.23338142064695,1.9666363333925654,1.671815393150942,-6.616710673373471
FeAl(85.5-14.5),200.6,135.8,125.5,91.0,193.71,124.93,124.34,95.7,3.6,8.7,1.0,-5.0,127.54307298625899,48.95663248068682,121.15876207113348,-34.15772392428941,-60.81274915497733,-2.5584992189693763
FeAl(90.35-9.65),202.2,127.1,137.2,104.0,204.89,126.97,122.62,107.7,-1.3,0.1,11.9,-3.5,192.89607844261022,111.25116122567194,115.2203666038937,-5.853834524569168,-12.379962805645476,-6.034605607654795
FeAl(96.03-3.97),222.4,138.5,120.8,116.1,220.83,132.49,120.22,121.5,0.7,4.5,0.5,-4.4,233.5908102627182,144.25384190952414,115.49122421019777,5.778567342624732,8.879041368800761,-3.9334351936468375
FeCr2O4(Chromite),327.6,138.8,123.0,245.0,322.5,143.7,116.7,233.9,1.6,-3.4,5.4,4.7,333.1664144985062,157.50769774551114,117.99701712211966,3.3074153483740107,9.608697108915207,1.1114114156980763
GaAs,125.3,50.8,53.5,96.1,119.04,53.84,59.52,85.5,5.3,-5.7,-10.2,12.3,114.1790245075024,46.396336072833,57.86287778821128,-4.083480756466399,-13.825527353579124,-2.7841435009891202
GaP,149.4,60.2,62.0,114.8,141.2,62.53,70.47,102.8,5.8,-3.7,-12.0,11.6,133.0016070549396,52.15843794181269,69.89231128729854,-5.806227298201411,-16.586537754977304,-0.819765450122689
Garnet(21.8% FeO),198.5,80.8,50.2,151.8,197.0,90.0,57.0,140.6,0.8,-10.3,-12.0,8.0,195.82773484719422,87.46596824054237,56.284620473488665,-0.5950584532009026,-2.815590843841815,-1.2550518008970781
Garnet(22.7% FeO),196.6,124.3,69.1,100.3,192.0,99.0,59.0,124.6,2.4,25.6,17.1,-19.5,179.37791083216743,83.56185035823174,58.205948144536976,-6.574004774912797,-15.59409054724067,-1.3458506024797026
Garnet(23.6% FeO),199.5,97.9,63.7,135.1,210.0,103.0,67.0,142.2,-5.0,-5.0,-4.9,-5.0,195.54023836300664,84.44240901628932,66.16976771311566,-6.885600779520648,-18.017078624961826,-1.2391526669915507
Garnet(26.2% FeO),226.2,130.4,54.2,130.8,226.0,126.0,62.0,135.8,0.1,3.5,-12.6,-3.7,216.95046463938098,115.93956315320801,61.91590403213347,-4.00421918611461,-7.984473687930149,-0.1356386578492442
Garnet(28.7% FeO),272.9,161.2,62.5,153.2,273.0,157.0,68.0,158.4,0.0,2.7,-8.1,-3.3,254.17542085828654,132.08698418765545,64.579893126511,-6.895450235059874,-15.868162937799081,-5.029568931601477
Garnet(33.5% FeO),325.7,125.7,83.2,255.8,327.0,124.0,89.0,258.8,-0.4,1.3,-6.5,-1.2,349.4888800115053,154.5777985111514,90.56184965252986,6.877333336851764,24.659514928347903,1.7548872500335486
GaSb,90.3,36.4,37.0,69.4,88.39,40.33,43.16,63.1,2.1,-9.8,-14.4,9.9,85.59588062140311,35.667409091686565,41.63205721141329,-3.1611261212771686,-11.561098210546573,-3.540182550015539
HfCo2,247.1,108.5,87.4,180.9,255.54,123.3,90.3,175.3,-3.3,-12.0,-3.2,3.2,211.31141366214254,-41.87425842980749,81.9772885729098,-17.307891656045022,-133.96128015393958,-9.216734692237209
HgTe,63.3,48.0,21.3,21.9,54.8,38.1,20.4,23.5,15.4,25.9,4.3,-7.0,54.013414876497635,37.172215101960916,20.17693175346044,-1.4353743129605159,-2.4351309659818523,-1.09347179676254
InAs,78.0,43.4,40.1,47.0,83.29,45.26,39.59,51.4,-6.3,-4.1,1.3,-8.6,71.81061316177431,30.956664413840077,37.738921366787125,-13.782431070027245,-31.60259740645144,-4.675621705513712
InP,102.1,58.1,41.2,59.9,102.2,57.6,46.0,60.7,-0.1,0.9,-10.5,-1.2,103.64373910991605,59.15632064188561,45.970076755945676,1.412660577217272,2.701945558829176,-0.06505053055287731
InSb,68.2,35.2,27.6,44.3,64.72,32.65,30.71,42.8,5.4,7.8,-10.3,3.4,69.0996216253057,38.533480014759085,32.207949432031704,6.7670297053549175,18.019846905847125,4.877725275257906
KF,74.4,18.5,12.7,67.0,64.85,14.27,12.81,59.7,14.7,29.7,-0.6,12.3,66.18622966676884,16.553735751210002,12.834431037028383,2.060492932565681,16.003754388297146,0.19071847797331778
LiF,124.2,50.7,53.6,94.8,119.0,45.8,54.2,93.5,4.4,10.8,-1.1,1.3,124.09056084879445,51.45236141636144,53.52155436877493,4.277782225877692,12.3414004724049,-1.251744707057332
Magnetite,271.0,113.6,96.1,203.9,275.0,104.0,95.5,217.9,-1.4,9.3,0.7,-6.4,279.0863318028997,112.05711543641308,97.4385800105472,1.4859388374180649,7.747226381166428,2.0299267126148677
Mg2Sn,83.0,16.8,34.9,77.4,82.4,20.8,36.6,74.0,0.8,-19.1,-4.7,4.5,79.04432790614703,15.290044921348159,36.92897402178863,-4.072417589627395,-26.490168647364623,0.8988361251055516
MgAg,71.5,43.6,47.3,38.4,84.6,56.7,48.5,39.1,-15.5,-23.1,-2.5,-1.7,88.55168432566316,61.558070044877645,51.009288518832406,4.671021661540386,8.568024770507305,5.1737907604791875
MgAl2O4(Spinel),276.2,150.4,167.7,170.2,279.0,153.0,153.0,170.6,-1.0,-1.7,9.6,-0.2,271.75690430086195,144.2853383954225,151.73600630966013,-2.596091648436578,-5.695857257893782,-0.8261396668888061
MgCu2,122.3,76.2,44.7,63.8,122.8,70.6,41.2,71.3,-0.4,7.9,8.4,-10.5,123.42979067256707,70.28193057026009,40.019776236916634,0.5128588538819777,-0.4505232715862708,-2.8646207841829336
MnO,225.1,125.8,79.4,134.9,223.0,120.0,79.0,139.0,0.9,4.8,0.5,-2.9,225.16334794781358,123.06120452413094,79.80257529392988,0.9701111873603484,2.5510037701091193,1.0159180935821226
Mo,452.0,175.6,106.6,353.8,469.6,167.6,106.8,381.4,-3.7,4.8,-0.1,-7.2,434.66436260830494,99.61468535215108,100.88070873683124,-7.439445781877146,-40.56403021948026,-5.542407549783483
MoRe(73.1-26.9),444.0,177.4,128.1,342.8,460.7,195.9,132.3,343.8,-3.6,-9.5,-3.2,-0.3,461.19365425823287,193.55667404273157,130.65805804682083,0.10715308405315385,-1.1961847663442744,-1.2410747945420895
MoRe(83.4-16.6),446.8,163.1,118.7,359.5,465.0,185.8,123.7,358.9,-3.9,-12.2,-4.0,0.2,447.4813769008646,148.91708737473277,118.00428657357305,-3.767445827771059,-19.850867936096467,-4.604457094928819
MoRe(93-7),455.5,171.3,103.6,361.8,466.5,172.9,114.8,373.0,-2.4,-0.9,-9.7,-3.0,483.482925978693,186.58718520100723,112.14764353535949,3.6404986020778143,7.916243609605103,-2.3104150388854574
NaBrO3,62.5,21.0,14.3,52.0,57.32,17.64,15.23,49.0,9.1,18.8,-6.2,6.1,56.79223937781441,16.361085132589494,15.054335134871977,-0.9207268356343145,-7.250084282372485,-1.1534134282864328
NaCl,59.3,20.6,10.8,48.7,49.6,13.1,12.68,44.1,19.6,57.1,-15.1,10.4,50.29016331376951,15.091956893789492,12.9492594332437,1.3914582938901412,15.205777815186964,2.1234971076001607
NaClO3,59.7,18.6,10.3,50.9,49.2,14.2,11.6,42.8,21.4,31.2,-11.4,18.8,47.78142076155079,11.53650919803427,11.476294236613482,-2.8832911350593733,-18.756977478631896,-1.0664289947113599
NaF,101.4,26.6,26.5,90.4,96.3,24.59,27.94,86.3,5.3,8.0,-5.3,4.7,99.53909287623249,29.469768440451276,27.88922205046337,3.3635440043951097,19.84452395466155,-0.18173926104735408
Nb,233.7,127.4,33.9,143.7,240.19,125.58,28.22,154.0,-2.7,1.5,20.0,-6.6,163.44590656349493,18.72222138884149,28.465852322302602,-31.951410731714503,-85.09139879850176,0.8711988742119188
Nb3Sn,250.0,101.5,37.1,191.4,253.8,112.4,39.57,184.8,-1.5,-9.7,-6.2,3.6,252.948040087111,108.46747362701447,38.80202134376952,-0.33568160476320524,-3.498688943937309,-1.9408103518586874
Ni,248.5,163.7,94.5,118.5,244.0,158.0,102.0,119.8,1.9,3.6,-7.4,-1.1,169.3907308881466,69.53254150217552,92.9949411377692,-30.577569308136635,-55.99206234039524,-8.828489080618429
NiAl,202.0,135.4,115.0,93.2,211.55,143.23,112.11,95.9,-4.5,-5.4,2.6,-2.8,222.24102955487547,157.54954983544403,127.20499679214062,5.0536655896362355,9.997591171852292,13.464451692213556
NiAl(90.4-9.6),248.5,147.1,141.9,139.1,252.0,153.0,132.0,136.4,-1.4,-3.9,7.5,2.0,274.80481625538096,180.16192851571327,141.70262510664236,9.049530260071808,17.752894454714557,7.350473565638151
NiCu(31.1-68.9),191.3,134.8,81.1,79.8,189.1,131.9,89.6,80.7,1.2,2.2,-9.5,-1.1,203.73957760035955,147.93752052904074,92.71467159972195,7.741712110184854,12.158848012919435,3.4761959818325434
NiCu(53.8-46.2),208.1,139.3,90.5,96.4,208.6,142.8,100.9,92.5,-0.3,-2.5,-10.3,4.2,220.16205466398273,154.8501399276226,101.30559467084724,5.542691593472068,8.438473338671274,0.40197687893680495
NiCu(77.2-22.8),224.3,142.2,111.0,114.0,228.1,147.3,111.3,112.5,-1.7,-3.5,-0.3,1.3,224.67120378551624,144.7390354117527,113.9686332401436,-1.5031986911371125,-1.7386046084503162,2.3976938366070137
NiCu(80-20),223.2,144.8,103.0,109.2,229.8,149.4,113.7,112.1,-2.9,-3.0,-9.4,-2.5,192.43047621098327,108.65927253010722,110.7481981215726,-16.261759699311025,-27.269563232859966,-2.5961318191973644
NiCu(92.7-7.3),252.3,150.7,113.8,139.6,241.3,151.1,120.1,124.9,4.6,-0.3,-5.2,11.8,210.72433213787073,114.26974142278247,111.46930976001723,-12.67122580278876,-24.374757496503985,-7.1862533222171265
PbF2,90.1,45.6,24.1,59.5,88.8,47.2,24.54,56.0,1.5,-3.5,-2.0,6.2,85.34963177385,43.14904960086693,24.37591338473599,-3.885549804222962,-8.582522032061592,-0.6686496139527626
PbS,102.1,39.8,25.5,79.8,102.0,38.0,25.0,81.4,0.1,4.8,2.1,-1.9,105.5026089380004,42.249238919346,24.987160089359193,3.4339303313729475,11.18220768248947,-0.051359642563227226
Pd,223.1,181.0,83.8,61.0,227.1,176.04,71.73,73.4,-1.7,2.8,16.8,-16.8,284.9980355014489,235.53205738311,74.24550212432352,25.494511449339015,33.79462473478187,3.5069038398487637
Permalloy(Ni73.8-Fe26.2),222.3,138.4,124.7,116.2,230.4,144.4,119.2,119.1,-3.5,-4.2,4.6,-2.5,199.99844241159437,109.10619534226956,113.95772311316875,-13.195120481078837,-24.44169297626762,-4.397883294321517
Pt,357.0,266.3,79.2,129.5,346.7,250.7,76.5,136.3,3.0,6.2,3.6,-4.9,508.79647668120185,415.08339321208433,76.4321900769342,46.754103455783635,65.5697619513699,-0.08864042230822865
RbCl,361.8,71.2,47.9,338.4,362.42,61.24,46.78,344.7,-0.2,16.2,2.4,-1.8,360.1438294455562,59.904155389424844,46.912284781394646,-0.6280477221024802,-2.1813269277843865,0.28278063573032336
Si,174.8,71.3,76.9,133.5,165.78,63.94,79.62,130.2,5.5,11.5,-3.4,2.6,164.3858536106257,61.060896611595695,78.58793279572046,-0.8409617501352993,-4.502820438542858,-1.2962411508158027
Sr3N2,57.4,28.4,13.1,38.6,47.3,21.8,14.6,33.5,21.4,30.3,-10.1,15.2,46.03352036349227,20.1934044933189,14.525839638538354,-2.677546800227749,-7.369704159087612,-0.5079476812441474
SrF2,128.3,47.4,31.6,102.7,123.5,43.05,31.28,101.2,3.9,10.1,1.0,1.5,122.75454256034126,40.113823410600844,30.580819829558738,-0.6036092628815677,-6.82038696724542,-2.235230723917081
SrO,148.4,31.8,60.5,137.2,160.1,43.5,59.0,141.5,-7.3,-27.0,2.5,-3.0,157.99731306711448,39.67283883361941,58.86246428073877,-1.3133584840009485,-8.798071646851934,-0.23311138857835573
SrTiO3,329.7,125.1,125.2,260.9,318.7,103.4,123.0,268.0,3.5,21.0,1.8,-2.6,336.8317982073228,127.73938993568575,122.90978451213813,5.689299719900467,23.539061833351784,-0.07334592509095027
Ta,255.1,159.2,85.5,132.8,266.7,160.8,82.49,145.7,-4.3,-1.0,3.7,-8.9,269.14806088791585,165.60342496333234,85.03803435986713,0.9179080944566398,2.987204579186774,3.0889009090400426
Th,73.4,45.6,44.2,38.4,75.3,48.9,47.8,36.8,-2.5,-6.7,-7.5,4.4,71.85269691086374,44.16004531472766,44.12456116252457,-4.578091751840977,-9.693158865587602,-7.689202588860724
ThO2,350.5,80.2,63.4,320.6,367.0,106.0,79.7,319.5,-4.5,-24.3,-20.4,0.3,366.20204015622517,98.41767770672018,78.39456162480816,-0.2174277503473661,-7.153134238943222,-1.6379402449082068
TlCl,47.7,22.6,7.5,33.2,40.1,15.3,7.6,31.6,19.0,47.5,-1.2,5.0,32.130234513951464,2.1501564853395614,7.6244632084076045,-19.874726897876652,-85.94668963830352,0.32188432115269544
UC,324.6,66.3,58.6,302.1,320.0,85.0,64.7,284.3,1.4,-22.0,-9.4,6.2,309.6408547965278,60.6274945294644,63.4995091809089,-3.23723287608507,-28.67353584768894,-1.8554726724746538
UO2,371.8,86.8,64.2,339.0,396.0,121.0,64.1,339.4,-6.1,-28.3,0.1,-0.1,402.92528723519814,128.52092794361056,63.716965581432326,1.7488099078783184,6.215642928603768,-0.5975575952693728
V,235.2,141.4,47.2,129.0,227.95,118.7,42.55,146.7,3.2,19.2,10.9,-12.1,234.87038196101736,123.67573817204672,41.51207126865771,3.035921018213367,4.191860296585272,-2.4393154673144317
ZnS,101.5,59.5,42.9,57.5,104.62,65.34,46.13,54.4,-3.0,-8.9,-7.1,5.7,73.71140988670084,24.3304532993619,37.63382102654125,-29.543672446280986,-62.763309918331956,-18.417903692735212
ZnSe,75.5,45.5,44.9,41.2,80.96,48.81,44.05,44.2,-6.8,-6.8,1.9,-6.8,77.94102658453852,46.58410011076192,46.59290925494796,-3.7289691396510305,-4.560335769797334,5.77277923938244
ZnTe,76.6,46.9,30.4,41.0,71.34,40.78,31.15,41.7,7.4,14.9,-2.4,-1.5,83.09329858940598,53.40532109958815,31.29561525699657,16.475047083551964,30.959590729740437,0.46746470945929686
ZrCo2,223.5,94.1,79.1,167.8,233.11,112.71,83.66,159.6,-4.1,-16.5,-5.5,5.1,210.8067113607181,83.33109206944162,81.52255258099326,-9.567709939205482,-26.065928427431793,-2.5549216100965015
